,id,author_id,created_at,lang,text
0,1547752809172533249,1332714745871421443,2022-07-15T01:20:00.000Z,en,"Looking for a #Job or #hiring?
https://t.co/RfdWugt9nu
A straightforward approach
#AI #Python #coding #SelfDrivingCars #100DaysOfCode #digitalart #Industry40 #tech #Robotics #NFTs #cryptocurrency #GameFi #WEB3 #DeFi #DAOs #Metaverse #nftart #HR #Webb #BTC #ETH #Meta #NFT #gamedev https://t.co/THfod4oGJn"
1,1547752522168750084,1528856711725031425,2022-07-15T01:18:51.000Z,en,"#computerscience #100daysofcode #programming #design #datamodeling #dataprocessing #coding

Interactive Dashboards and Data Apps with Plotly and Dash: Harness the power of a fully fledged frontend web framework in Python ‚Äì no JavaS‚Ä¶

https://t.co/5rmDDjWpPp"
2,1547752173752094722,1230488489860288513,2022-07-15T01:17:28.000Z,en,"Python cheat sheet üêç 

 #MachineLearning #DataScience #SQL #Cybersecurity #BigData #Analytics #AI #IIoT #Python #RStats #TensorFlow #JavaScript #ReactJS #CloudComputing #Serverless #DataScientist #Linux #Programming #Coding #100DaysofCode #NodeJS #golang #NLP https://t.co/qrE2qv6MRp"
3,1547751612923269120,1299780634928386048,2022-07-15T01:15:15.000Z,en,"Day 20

Still practicing JQuery, it's actually pretty fun, I wonder how can you achieve the same using Python.

Here's a Skill list webpage.

#100DaysOfCode #Coding #programming https://t.co/JhVNKDhRXP"
4,1547751557373997057,1528856711725031425,2022-07-15T01:15:01.000Z,en,"#python3 #ml #100daysofcode #nlp #pythonprogramming #softwaredevelopment #machinelearning
Introduction to Machine Learning with Python: A Guide for Data Scientists

https://t.co/nojag2joDW"
5,1547751376138121216,1230488489860288513,2022-07-15T01:14:18.000Z,en,"Best technology skills to have

#MachineLearning #DataScience #SQL #Cybersecurity #BigData #Analytics #AI #IIoT #Python #RStats #TensorFlow #JavaScript #ReactJS #CloudComputing #Serverless #DataScientist #Linux #Programming #Coding #100DaysofCode #NodeJS #golang #NLP https://t.co/CUW1A8RZf0"
6,1547751198874226688,1034385869912920065,2022-07-15T01:13:36.000Z,en,@ShaahYaan_ Programmers should join @ShaahYaan_  Tags ‚Äò forward to All programmer as friendly social notice. #100DaysOfCode #programming #ShaahYaan  #javascript #Python #programmer
7,1547750797173145600,1397197725486227468,2022-07-15T01:12:00.000Z,en,"Grade A+ assured in any timed paper
#Essay due
#Pay write
#javascript..
#Onlineclass 
#Philosophy 
#Chemistry
Literature
#Calculus1,2
#Biology
#Python
#Nursing.
psychology
#Essayhelp
#Essaypay.
#100DaysOfCode
#WomenWhoCode
#Java
#Linux .
DM. https://t.co/gL8BHGlqrd"
8,1547750292682223619,1332714745871421443,2022-07-15T01:10:00.000Z,en,"Looking for a #Job or #hiring?
https://t.co/RfdWugKKf2
A straightforward approach
#AI #Python #coding #SelfDrivingCars #100DaysOfCode #digitalart #Industry40 #tech #Robotics #NFTs #cryptocurrency #GameFi #WEB3 #DeFi #DAOs #Metaverse #nftart #HR #Webb #BTC #ETH #Meta #NFT #gamedev https://t.co/iLieqgVk6c"
9,1547749701570609153,1226010600104431617,2022-07-15T01:07:39.000Z,en,"Need Help?
Kindly Dm for,
#Biochem
#Algebra
#Statistics
#English
#Chemistry 
#Accounting
#Project
#Finance
#finals
#Biology
#javascript
#100DaysOfCode
#WomenWhoCode
#programming
#DataScience
#python
#mathlab
HMU @Academic_tutor5
#USA #UK #UAE #KUWAIT #SAUDIARABIA #QATAR https://t.co/JxeDD4hmOy"
10,1547749023481614338,1459057388237950981,2022-07-15T01:04:57.000Z,und,"üí´
üîóhttps://t.co/XtG0U2qfCx

#NFTs #NFTdrop #ETH #100DaysOfCode #Serverless #OpenSource #javascript #Hiring #Recruitment #python #codefor30days #flutter #60DaysOfDSA #TensorFlow #hr #CyberSecurity #blockchain #web3 #Metaverse #Cryptos #AI #Digital #hireme #indiedev #indie #ETH"
11,1547748971220590595,1101121977870438400,2022-07-15T01:04:45.000Z,en,Best Programmer alone Doing nothing. #100daysofcode #programming #ShaahYaan #javascript #Python #programmer
12,1547748018606075907,1459057388237950981,2022-07-15T01:00:58.000Z,und,"#Clients #hiring #employees : https://t.co/XtG0U2qfCx

#HTML #CSS #javascript #Angular #angularjs #Reactjs #MySQL #MongoDB #PHP #Nodejs #AWS #Azure #github #git #Network #SEO #Google #upwork #freelancer #OpenSource #flutter #Serverless #Python #100DaysOfCode #CodeNewbie #Security https://t.co/kiDnbsX6AB"
13,1547747778595471361,1546592425938161664,2022-07-15T01:00:00.000Z,en,"Buy Bulk Gmail Accounts  - Cheap Verified https://t.co/UZaqfHb7mJ

#MachineLearning #DataScience #Python #AI #100DaysOfCode #IoT #flutter #javascript #Serverless #CyberSecurity #getpvaaccount #tech #DDoS #DeepLearning #fintech #COVID19 #data #RPA #IIoT #5G #fz #cryptocurrecy https://t.co/gApA3LroFC"
14,1547747777563635714,1332714745871421443,2022-07-15T01:00:00.000Z,en,"Looking for a #Job or #hiring?
https://t.co/RfdWugKKf2
A straightforward approach
#WomenWhoCode #Programming #Coding #gamers #indiedev #IndieGameDev #indie  #Science #LGBT #LGBTQ #Infosec #100DaysOfCode #cybersecurity #javascript  #GirlsWhoCode #Python #gamedevs #BTC #ETH #NFTs https://t.co/es8zfkVbDE"
15,1547747585091260418,1528856711725031425,2022-07-15T00:59:14.000Z,en,"#python #coding #pythonprogramming #100daysofcode #python3 #programminglanguages #programming 
Python for Everybody: Exploring Data in Python 3

https://t.co/lBfE5LjUnA"
16,1547747503046414337,1249318048516861955,2022-07-15T00:58:55.000Z,en,"#Play ‚ñ∂Ô∏è #Spotify üîÅRetweet

üëâhttps://t.co/rUOoGJfbhL

#BigData #Analytics #DataScience #AI #MachineLearning #IoT #IIoT #PyTorch #Python #RStats #TensorFlow #Java #Flutter #JavaScript #ReactJS #CloudComputing #Serverless #DataScientist #Linux #Programming #Coding #100DaysofCode"
17,1547746829638328321,1249318048516861955,2022-07-15T00:56:14.000Z,en,"#Play ‚ñ∂Ô∏è #Spotify üîÅRetweet

üëâhttps://t.co/4HAUqvJ0lk

üëâhttps://t.co/iOAqyViPeA

#AI #BigData #Analytics #DataScience #doll #MachineLearning #IoT #IIoT #Python #RStats #TensorFlow #JavaScript #ReactJS #CloudComputing #Serverless #DataScientist #Linux #Programming #100DaysofCode https://t.co/tW4GcYx6hM"
18,1547746776383229953,1499685033849901056,2022-07-15T00:56:01.000Z,en,"For quality assignment help,DM us
Essays
Exams
#Onlineclass
#Calculus
Chemistry
English
#Law
Finance
#Economics
Stas
#Accounting

#MachineLearning
#DataScience 
#100DaysOfCode
#Python #Cybersecurity #BigData #AI #IoT #DeepLearning
#ArtificialIntelligence
 #NLP
#javascript
robots https://t.co/UmbtKqNMKF"
19,1547746741482430464,1499685033849901056,2022-07-15T00:55:53.000Z,en,"For quality assignment help,DM us
Essays
Exams
#Onlineclass
#Calculus
Chemistry
English
#Law
Finance
#Economics
Stas
#Accounting

#MachineLearning
#DataScience 
#100DaysOfCode
#Python #Cybersecurity #BigData #AI #IoT #DeepLearning
#ArtificialIntelligence
 #NLP
#javascript
robots https://t.co/W3r7WNWLly"
20,1547746701644951554,4850126086,2022-07-15T00:55:44.000Z,en,"#100DaysOfCode days 33:
Created automation for work using Python's build in scheduler library today.
#codeEveryDay"
21,1547746654563889154,1459057388237950981,2022-07-15T00:55:32.000Z,und,"#Client #hiring #employees?

 üí´https://t.co/7bS8d4RTLQ

#USA #CanadaNews #Japanese #Korean #twitme  #cloud #GameDev #Developers #CyberSecurity #TensorFlow #Serverless #100DaysOfCode #java #OpenSource #javascript #Recruitment #python #flutter #indiedev #Coding #programming #SQL https://t.co/y96zxkNLat"
22,1547746063536140289,1289860293212995584,2022-07-15T00:53:11.000Z,en,"42 Best Resources to Learn #Python for Beginners

#php #ML #DataScience #SQL #Cybersecurity #BigData #Analytics #AI  #Python #RStats #TensorFlow #JavaScript #ReactJS #CloudComputing #Serverless #DataScientist #Linux #Programming #Coding #100DaysofCode #golang #NLP #IoT #MLOps https://t.co/ERMgY2D9l9"
23,1547745783285354496,1459057388237950981,2022-07-15T00:52:05.000Z,und,"#Client #hiring #employees?

 üí´https://t.co/7bS8d4RTLQ

#USA #CanadaNews #Japanese #Korean #twitme  #cloud #GameDev #Developers #CyberSecurity #TensorFlow #Serverless #100DaysOfCode #java #OpenSource #javascript #Recruitment #python #flutter #indiedev #Coding #programming #SQL https://t.co/MOwiowwc2y"
24,1547745260209467393,1332714745871421443,2022-07-15T00:50:00.000Z,en,"Looking for a #Job or #hiring?
https://t.co/RfdWugKKf2
A straightforward approach
#WomenWhoCode #Programming #Coding #gamers #indiedev #IndieGameDev #indie  #Science #LGBT #LGBTQ #Infosec #100DaysOfCode #cybersecurity #javascript  #GirlsWhoCode #Python #gamedevs #BTC #ETH #NFTs https://t.co/BfmmIppD49"
25,1547745159550357505,1372460665609322498,2022-07-15T00:49:36.000Z,en,"Guaranteed A's in:
#Essays
Exams
#Sociology
#Thesis
English
Assignment
#Homework due
#Stats
Term paper
PHYSICS
Chemistry
Project
History 
#Onlineclass
Biology
Psychology

#AI
#WomenWhoCode
#100DaysOfCode
#javascript
#coding
#Analytics
#programming #DataScience
#Python
#Serverless https://t.co/UYn4uDudr4"
26,1547745134212550662,1372460665609322498,2022-07-15T00:49:30.000Z,en,"For quality assignment help,DM us
Essays
Exams
#Onlineclass
#Calculus
Chemistry
English
#Law
Finance
#Economics
Stas
#Accounting

#MachineLearning
#DataScience 
#100DaysOfCode
#Python #Cybersecurity #BigData #AI #IoT #DeepLearning
#ArtificialIntelligence
 #NLP
#javascript
robots https://t.co/2SzN0RHdmW"
27,1547744815663550464,1524278963689951235,2022-07-15T00:48:14.000Z,en,"Pay us to do or write your 
#Assignments 
#calculus 
#homework
#Homeworkhelp 
#summerclasses 
#Onlineclass 
#essayhelp 
#Essaydue 
#essaywrite 
#Essays
#Music
#Art
#Law 
#Javascript
#Python
#Programming
#CodeNewbies 
#100daysofcode
#webdevelopment 
#Datascience
Dm us now for help https://t.co/3sGfvsXGmv"
28,1547744576797954048,1528856711725031425,2022-07-15T00:47:17.000Z,en,"#python #100daysofcode #programming #neuralnetworks #python3 #programminglanguages #pythonprogramming 

Make Your Own Neural Network
https://t.co/aVnA8ajmnA"
29,1547744188443152384,1289860293212995584,2022-07-15T00:45:44.000Z,en,"For #ContentCreator and #socialmedia influencers

#AI #DataAnalytics #RStats #Reactjs #Python #php #flutter #javascript #java #TensorFlow #Cloud #developer #BigData #5G #MachineLearning #R #reddit #WomenInSTEM #fintech #technology  #Job #100DaysOfCode #Web3 #IoT #Marketing https://t.co/2Bt3ow4xbI"
30,1547744099687485440,1524079156811771911,2022-07-15T00:45:23.000Z,en,"Hire us to handle:
#Assignments 
Accounting
#calculus 
#homework
#summerclasses 
#Onlineclass 
#essayhelp 
Finance. 
#Essaydue 
#essaywrite 
#Music
#Art
Law 
#Javascript
#Python
#Programming
#CodeNewbies 
#100daysofcode
#webdevelopment 
#Datascience
Tierney
@Topgrade409"
31,1547743712209317890,1486464740729794560,2022-07-15T00:43:51.000Z,en,"DM for:

#Homeworkhelp
#Assignmenthelp,,
#essayhelp 
#Homeworkslaves.üíì
#Onlineclasses .

#MachineLearning  #DataScience #5G #100DaysOfCode
#Python #Cybersecurity #BigData #AI #IoT #DeepLearning
#ArtificialIntelligence #NLP #robots #coding  #javascript #Assignmentsdue"
32,1547743251741831169,1376508061746143243,2022-07-15T00:42:01.000Z,en,configuroweb: No. 2583 programming meme #programmingjoke #code #coding #javascript #python #datascience #programming #programmer #joke #100daysofcode #webdev #webdevelopment #php #java #linux #css #programmingmemes #codinglife #codingpics #programmingjokes ‚Ä¶
33,1547743194946760706,1528856711725031425,2022-07-15T00:41:48.000Z,en,"https://t.co/F6t7eJCf3l

Python for Data Analysis: Data Wrangling with Pandas, NumPy, and IPython
 
#numpy #python3 #pythonprogramming #dataprocessing #100daysofcode #programminglanguages"
34,1547743047965806594,1524079156811771911,2022-07-15T00:41:12.000Z,en,"Hire us to handle:
#Assignments 
Accounting
#calculus 
#homework
#summerclasses 
#Onlineclass 
#essayhelp 
Finance. 
#Essaydue 
#essaywrite 
#Music
#Art
Law 
#Javascript
#Python
#Programming
#CodeNewbies 
#100daysofcode
#webdevelopment 
#Datascience
Thomas Tuchel
@Topgrade409"
35,1547743002646286342,880010670623739904,2022-07-15T00:41:02.000Z,en,"‚ÄúInternet of Things Prospect‚Äù‚Ä¶ By 2022, IoT will become a service

#100DaysOfCode #CyberSecurity¬†#Blockchain #DataSecurity¬†#dataScientist #5G #DataAnalytics¬†#Python #IoT #MachineLearning #java¬†#TensorFlow¬†#Cloud #coding https://t.co/4HTmWyFopJ"
36,1547743001559961600,880010670623739904,2022-07-15T00:41:01.000Z,en,"Best Ways to Learn Python in 2022 (Free and Paid Python Tutorials)

#100DaysOfCode #CyberSecurity #Blockchain #DataSecurity #dataScientist #5G #DataAnalytics #Python #IoT #MachineLearning #java #TensorFlow #Cloud #coding #pythonjob‚Ä¶https://t.co/XYyIHB3ZK0 https://t.co/WbCodbVBwP"
37,1547742999915794433,880010670623739904,2022-07-15T00:41:01.000Z,en,"[4th Industry Metaverse 52-1] ‚ÄúBuilding Metaverse‚Äù‚Ä¶ Basic Considerations

#100DaysOfCode #CyberSecurity¬†#Blockchain #DataSecurity¬†#dataScientist #5G #DataAnalytics¬†#Python #IoT #MachineLearning #java¬†#TensorFlow¬†#Cloud #coding https://t.co/l8QWGZiUCR"
38,1547742995390140423,1524079156811771911,2022-07-15T00:41:00.000Z,en,"Hire us to handle:
#Assignments 
Accounting
#calculus 
#homework
#summerclasses 
#Onlineclass 
#essayhelp 
Finance. 
#Essaydue 
#essaywrite 
#Music
#Art
Law 
#Javascript
#Python
#Programming
#CodeNewbies 
#100daysofcode
#webdevelopment 
#Datascience
Constance Wu"
39,1547742994891038723,880010670623739904,2022-07-15T00:41:00.000Z,en,"Internet of Things‚Ä¶ Usage and Prospects in Daily Life

#artificialintelligence #k√ºnstlicheIntelligenz
¬†#100DaysOfCode #CyberSecurity¬†#Blockchain #DataSecurity¬†#dataScientist #5G #DataAnalytics¬†#Python #IoT #MachineLearning #java¬†‚Ä¶https://t.co/NKQvwqItcD https://t.co/IJ3mfWPbtQ"
40,1547742953400967168,1524079156811771911,2022-07-15T00:40:50.000Z,en,"Hire us to handle:
#Assignments 
Accounting
#calculus 
#homework
#summerclasses 
#Onlineclass 
#essayhelp 
Finance. 
#Essaydue 
#essaywrite 
#Music
#Art
Law 
#Javascript
#Python
#Programming
#CodeNewbies 
#100daysofcode
#webdevelopment 
#Datascience
Errol musk"
41,1547742742796804096,1332714745871421443,2022-07-15T00:40:00.000Z,en,"Looking for a #Job or #hiring?
https://t.co/RfdWugt9nu
A straightforward approach
#WomenWhoCode #Programming #Coding #gamers #indiedev #IndieGameDev #indie  #Science #LGBT #LGBTQ #Infosec #100DaysOfCode #cybersecurity #javascript  #GirlsWhoCode #Python #gamedevs #BTC #ETH #NFTs https://t.co/ugNf6ePPzQ"
42,1547742587754164225,1524079156811771911,2022-07-15T00:39:23.000Z,en,"Hire us to handle:
#Assignments 
Accounting
#calculus 
#homework
#summerclasses 
#Onlineclass 
#essayhelp 
Finance. 
#Essaydue 
#essaywrite 
#Music
#Art
Law 
#Javascript
#Python
#Programming
#CodeNewbies 
#100daysofcode
#webdevelopment 
#Datascience
Text
 #instagramdown"
43,1547742539272183811,1524079156811771911,2022-07-15T00:39:11.000Z,en,"Hire us to handle:
#Assignments 
Accounting
#calculus 
#homework
#summerclasses 
#Onlineclass 
#essayhelp 
Finance. 
#Essaydue 
#essaywrite 
#Music
#Art
Law 
#Javascript
#Python
#Programming
#CodeNewbies 
#100daysofcode
#webdevelopment 
#Datascience
Tierney"
44,1547742502668476416,1524079156811771911,2022-07-15T00:39:02.000Z,en,"Hire us to handle:
#Assignments 
Accounting
#calculus 
#homework
#summerclasses 
#Onlineclass 
#essayhelp 
Finance. 
#Essaydue 
#essaywrite 
#Music
#Art
Law 
#Javascript
#Python
#Programming
#CodeNewbies 
#100daysofcode
#webdevelopment 
#Datascience
Alisson"
45,1547742469189562373,1524079156811771911,2022-07-15T00:38:54.000Z,en,"Hire us to handle:
#Assignments 
Accounting
#calculus 
#homework
#summerclasses 
#Onlineclass 
#essayhelp 
Finance. 
#Essaydue 
#essaywrite 
#Music
#Art
Law 
#Javascript
#Python
#Programming
#CodeNewbies 
#100daysofcode
#webdevelopment 
#Datascience
Ben White"
46,1547742019417542665,1500562744919171073,2022-07-15T00:37:07.000Z,en,"Best Ways to Learn Python in 2022 (Free and Paid Python Tutorials)

#100DaysOfCode #CyberSecurity #Blockchain #DataSecurity #dataScientist #5G #DataAnalytics #Python #IoT #MachineLearning #java #TensorFlow #Cloud #coding #pythonjob‚Ä¶https://t.co/A3PtgmYsjP https://t.co/SLFphNBjN6"
47,1547741929844064256,1500562744919171073,2022-07-15T00:36:46.000Z,en,"‚ÄúInternet of Things Prospect‚Äù‚Ä¶ By 2022, IoT will become a service

#100DaysOfCode #CyberSecurity¬†#Blockchain #DataSecurity¬†#dataScientist #5G #DataAnalytics¬†#Python #IoT #MachineLearning #java¬†#TensorFlow¬†#Cloud #coding https://t.co/BR2QbEr3FI"
48,1547741884860092417,1500562744919171073,2022-07-15T00:36:35.000Z,en,"[4th Industry Metaverse 52-1] ‚ÄúBuilding Metaverse‚Äù‚Ä¶ Basic Considerations

#100DaysOfCode #CyberSecurity¬†#Blockchain #DataSecurity¬†#dataScientist #5G #DataAnalytics¬†#Python #IoT #MachineLearning #java¬†#TensorFlow¬†#Cloud #coding https://t.co/zy8bRv6JAc"
49,1547741793680142343,1500562744919171073,2022-07-15T00:36:13.000Z,en,"Environmental protection of the earth, entrusted to artificial intelligence

#artificialintelligence #k√ºnstlicheIntelligenz
¬†#100DaysOfCode #CyberSecurity¬†#Blockchain #DataSecurity¬†#dataScientist #5G #DataAnalytics¬†#Python #IoT #Ma‚Ä¶https://t.co/LoB8THToW7 https://t.co/Xw0K2yuwIl"
50,1547741739762401283,1500562744919171073,2022-07-15T00:36:01.000Z,en,"Internet of Things‚Ä¶ Usage and Prospects in Daily Life

#artificialintelligence #k√ºnstlicheIntelligenz
¬†#100DaysOfCode #CyberSecurity¬†#Blockchain #DataSecurity¬†#dataScientist #5G #DataAnalytics¬†#Python #IoT #MachineLearning #java¬†‚Ä¶https://t.co/DHCSPuimjb https://t.co/Zzo2AipGxi"
51,1547741735215804419,1219885901653970945,2022-07-15T00:35:59.000Z,en,"Hire us to handle:
#Assignments 
Accounting
#calculus 
#homework
#summerclasses 
#Onlineclass 
#essayhelp 
Finance. 
#Essaydue 
#essaywrite 
#Music
#Art
Law 
#Javascript
#Python
#Programming
#CodeNewbies 
#100daysofcode
#webdevelopment 
#Datascience
Ben White"
52,1547741693138546689,1500562744919171073,2022-07-15T00:35:49.000Z,en,"Human death, an artificial intelligence AI that shakes existence right away

#artificialintelligence #k√ºnstlicheIntelligenz
¬†#100DaysOfCode #CyberSecurity¬†#Blockchain #DataSecurity¬†#dataScientist #5G #DataAnalytics¬†#Python #IoT #Ma‚Ä¶https://t.co/RcuBPhWWji https://t.co/1X0EWTP1S2"
53,1547741648024526850,1219885901653970945,2022-07-15T00:35:39.000Z,en,"Hire us to handle:
#Assignments 
Accounting
#calculus 
#homework
#summerclasses 
#Onlineclass 
#essayhelp 
Finance. 
#Essaydue 
#essaywrite 
#Music
#Art
Law 
#Javascript
#Python
#Programming
#CodeNewbies 
#100daysofcode
#webdevelopment 
#Datascience
Alisson"
54,1547741646346866690,1500562744919171073,2022-07-15T00:35:38.000Z,en,"Top 10 cybersecurity Companies

#artificialintelligence #k√ºnstlicheIntelligenz
¬†#100DaysOfCode #CyberSecurity¬†#Blockchain #DataSecurity¬†#dataScientist #5G #DataAnalytics¬†#Python #IoT #MachineLearning #java¬†#TensorFlow¬†#Cloud #coding https://t.co/YnVHaK9pIg"
55,1547741603057479681,1500562744919171073,2022-07-15T00:35:28.000Z,en,"What you need to know about scams and how to prevent them

#artificialintelligence #k√ºnstlicheIntelligenz
¬†#100DaysOfCode #CyberSecurity¬†#Blockchain #DataSecurity¬†#dataScientist #5G #DataAnalytics¬†#Python #IoT #MachineLearning #jav‚Ä¶https://t.co/htwpkMnQqX https://t.co/TIC1NMYGcQ"
56,1547741572992602114,1219885901653970945,2022-07-15T00:35:21.000Z,en,"Hire us to handle:
#Assignments 
Accounting
#calculus 
#homework
#summerclasses 
#Onlineclass 
#essayhelp 
Finance. 
#Essaydue 
#essaywrite 
#Music
#Art
Law 
#Javascript
#Python
#Programming
#CodeNewbies 
#100daysofcode
#webdevelopment 
#Datascience
Tierney"
57,1547741498254323712,1219885901653970945,2022-07-15T00:35:03.000Z,en,"Hire us to handle:
#Assignments 
Accounting
#calculus 
#homework
#summerclasses 
#Onlineclass 
#essayhelp 
Finance. 
#Essaydue 
#essaywrite 
#Music
#Art
Law 
#Javascript
#Python
#Programming
#CodeNewbies 
#100daysofcode
#webdevelopment 
#Datascience
Text
 #instagramdown"
58,1547741448585371650,134434122,2022-07-15T00:34:51.000Z,en,"#FEATURED #COURSES
Complete #Python #Developer in 2022: Zero to Mastery
How to become a #Python3 Developer and get hired
Build 12+ projects
learn #Web #Development
#Machine #Learning + more
https://t.co/vRkg9EK8Sw
#CodeNewbies #100DaysOfCode #webdevelopment #WomenWhoCode #online https://t.co/KHeZ2ykuKR"
59,1547741368457474048,1500562744919171073,2022-07-15T00:34:32.000Z,en,"What is Edge AI ? Dissecting 'Edge AI!!

#artificialintelligence #k√ºnstlicheIntelligenz
¬†#100DaysOfCode #CyberSecurity¬†#Blockchain #DataSecurity¬†#dataScientist #5G #DataAnalytics¬†#Python #IoT #MachineLearning #java¬†#TensorFlow¬†#Cloud #coding https://t.co/a3FWROsTbE"
60,1547741177301966853,1500562744919171073,2022-07-15T00:33:46.000Z,en,"Get to know information security risks and countermeasure solutions

#artificialintelligence #k√ºnstlicheIntelligenz
¬†#100DaysOfCode #CyberSecurity¬†#Blockchain #DataSecurity¬†#dataScientist #5G #DataAnalytics¬†#Python #IoT #MachineLea‚Ä¶https://t.co/2Tdtna13Rr https://t.co/KRR2xCSnSy"
61,1547741082233909249,1500562744919171073,2022-07-15T00:33:24.000Z,en,"Procedures and precautions for building a secure environment by introducing VPN

#artificialintelligence #k√ºnstlicheIntelligenz
¬†#100DaysOfCode #CyberSecurity¬†#Blockchain #DataSecurity¬†#dataScientist #5G #DataAnalytics¬†#Python #I‚Ä¶https://t.co/hKjwc13O9y https://t.co/BTD8xRJZzt"
62,1547740929468932099,741286615,2022-07-15T00:32:47.000Z,en,"Day 6 of my second #100DaysOfCode 

Today we completed the theory on Pandas and worked on some exercises with a Kaggle Dataset, very enjoyable!
#DataScience"
63,1547740836901027842,91608548,2022-07-15T00:32:25.000Z,en,"‚ÄòLives are at stake‚Äô: hacking of #US #hospitals highlights deadly risk of #ransomware 

https://t.co/r2r56Svmda

#cyberwar #cybercrime #hacker #healthcare #APT #bot #CISO #100DaysOfCode #BugBounty #CyberAttack #cybersecurity #Security #infosec #OpenSource #Python #javascript #RT"
64,1547740745037033476,1547727012076261377,2022-07-15T00:32:03.000Z,fr,"Dispo en cash main propre via
Snap:plug92fr
@KanezaDiane #WomenWhoCode #programming #coding #app #Bigdata #Analytics #MachineLearning #ML #AI #NLP #innovation #digital #Python #Web3 #JavaScript #100DaysofCode #IoT #devops #bot #NodeJs #ReactJS #startup #Entrepreneur #beuh https://t.co/FHLqUjso9A"
65,1547740715089666049,1500562744919171073,2022-07-15T00:31:56.000Z,en,"Cyber ‚Äã‚Äãattacks targeting SMEs and countermeasures

#artificialintelligence #k√ºnstlicheIntelligenz
¬†#100DaysOfCode #CyberSecurity¬†#Blockchain #DataSecurity¬†#dataScientist #5G #DataAnalytics¬†#Python #IoT #MachineLearning #java¬†#TensorFlow¬†#Cloud #coding https://t.co/TjQi3NXOke"
66,1547740645007101957,1219885901653970945,2022-07-15T00:31:40.000Z,en,"Hire us to handle:
#Assignments 
Accounting
#calculus 
#homework
#summerclasses 
#Onlineclass 
#essayhelp 
Finance. 
#Essaydue 
#essaywrite 
#Music
#Art
Law 
#Javascript
#Python
#Programming
#CodeNewbies 
#100daysofcode
#webdevelopment 
#Datascience
Errol musk"
67,1547740641395806210,1524079156811771911,2022-07-15T00:31:39.000Z,en,"Hire us to handle:
#Assignments 
Accounting
#calculus 
#homework
#summerclasses 
#Onlineclass 
#essayhelp 
Finance. 
#Essaydue 
#essaywrite 
#Music
Law 
#Javascript
#Python
#Programming
#CodeNewbies 
#100daysofcode
#webdevelopment 
#Datascience
Thomas Tuchel
Hmu @Topgrade409"
68,1547740630847107073,1500562744919171073,2022-07-15T00:31:36.000Z,en,"Will MDM Secure Mobile Devices? Benefits of introduction and service introduction

#artificialintelligence #k√ºnstlicheIntelligenz
¬†#100DaysOfCode #CyberSecurity¬†#Blockchain #DataSecurity¬†#dataScientist #5G #DataAnalytics¬†#Python #I‚Ä¶https://t.co/uIRMsoNovk https://t.co/ku3UO9u8g0"
69,1547740583128485889,1500562744919171073,2022-07-15T00:31:25.000Z,en,"Risk management essential for corporate growth

#artificialintelligence #k√ºnstlicheIntelligenz
¬†#100DaysOfCode #CyberSecurity¬†#Blockchain #DataSecurity¬†#dataScientist #5G #DataAnalytics¬†#Python #IoT #MachineLearning #java¬†#TensorFlow¬†#Cloud #coding https://t.co/S8sqBbV512"
70,1547740581232664576,1219885901653970945,2022-07-15T00:31:24.000Z,en,"Hire us to handle:
#Assignments 
Accounting
#calculus 
#homework
#summerclasses 
#Onlineclass 
#essayhelp 
Finance. 
#Essaydue 
#essaywrite 
#Music
#Art
Law 
#Javascript
#Python
#Programming
#CodeNewbies 
#100daysofcode
#webdevelopment 
#Datascience
Constance Wu"
71,1547740476593213442,1219885901653970945,2022-07-15T00:30:59.000Z,en,"Hire us to handle:
#Assignments 
Accounting
#calculus 
#homework
#summerclasses 
#Onlineclass 
#essayhelp 
Finance. 
#Essaydue 
#essaywrite 
#Music
#Art
Law 
#Javascript
#Python
#Programming
#CodeNewbies 
#100daysofcode
#webdevelopment 
#Datascience
Thomas Tuchel"
72,1547740379985764353,1219885901653970945,2022-07-15T00:30:36.000Z,en,"Hire us to handle:
#Assignments 
Accounting
#calculus 
#homework
#summerclasses 
#Onlineclass 
#essayhelp 
Finance. 
#Essaydue 
#essaywrite 
#Music
#Art
Law 
#Javascript
#Python
#Programming
#CodeNewbies 
#100daysofcode
#webdevelopment 
#Datascience
Rubi Rose"
73,1547740322976829442,1500562744919171073,2022-07-15T00:30:23.000Z,en,"Risk management essential for corporate growth

#artificialintelligence #k√ºnstlicheIntelligenz
¬†#100DaysOfCode #CyberSecurity¬†#Blockchain #DataSecurity¬†#dataScientist #5G #DataAnalytics¬†#Python #IoT #MachineLearning #java¬†#TensorFl‚Ä¶https://t.co/cIgOfSWeY2 https://t.co/S8sqBbV512"
74,1547740226159779841,1332714745871421443,2022-07-15T00:30:00.000Z,en,"Looking for a #Job or #hiring?
https://t.co/RfdWugt9nu
A straightforward approach
#WomenWhoCode #Programming #Coding #gamers #indiedev #IndieGameDev #indie  #Science #LGBT #LGBTQ #Infosec #100DaysOfCode #cybersecurity #javascript  #GirlsWhoCode #Python #gamedevs #BTC #ETH #NFTs https://t.co/jleOUsPbJU"
75,1547740219931127810,1500562744919171073,2022-07-15T00:29:58.000Z,en,"ransomware: Introducing features, attack methods
https://t.co/2DrpeE985s
#artificialintelligence #k√ºnstlicheIntelligenz
¬†#100DaysOfCode #CyberSecurity¬†#Blockchain #DataSecurity¬†#dataScientist #5G #DataAnalytics¬†#Python #IoT #Machin‚Ä¶https://t.co/YflNnCOVGQ https://t.co/BxmJWcnJEe"
76,1547739818465013760,738752276836306944,2022-07-15T00:28:22.000Z,en,"#Coding Students learn hands-on applications during cyber, coding camp at USC Aiken - Charleston Post Courier https://t.co/rVwBCNYSBH

#100DaysofCode #Programming #BigData #Analytics #DataScience #IoT #IIoT #PyTorch #Python #RStats #TensorFlow #Java #JavaScript #ReactJS #GoLang‚Ä¶"
77,1547739633856827392,1500562744919171073,2022-07-15T00:27:38.000Z,en,"8 Ways You Can 'Level Up' Your Machine Learning Projects

#artificialintelligence #k√ºnstlicheIntelligenz
¬†#100DaysOfCode #CyberSecurity¬†#Blockchain #DataSecurity¬†#dataScientist #5G #DataAnalytics¬†#Python #IoT #MachineLearning #java‚Ä¶https://t.co/IltkoJWnAC https://t.co/BxmJWcnJEe"
78,1547739582468239361,1500562744919171073,2022-07-15T00:27:26.000Z,en,"5 AI Startups You Should Know About 'Leading the¬†Machine learning¬†Ops Field'

#artificialintelligence #k√ºnstlicheIntelligenz
¬†#100DaysOfCode #CyberSecurity¬†#Blockchain #DataSecurity¬†#dataScientist #5G #DataAnalytics¬†#Python #IoT‚Ä¶https://t.co/j867zjRTvd https://t.co/jQYrt88v3d"
79,1547739520375799808,1500562744919171073,2022-07-15T00:27:11.000Z,en,"Overtaking Human Intuition... 10 Business AI Trends in 2022

#artificialintelligence #k√ºnstlicheIntelligenz
¬†#100DaysOfCode #CyberSecurity¬†#Blockchain #DataSecurity¬†#dataScientist #5G #DataAnalytics¬†#Python #IoT #MachineLearning #j‚Ä¶https://t.co/MotSUqHYiV https://t.co/de2YJTomaT"
80,1547739278678994950,1476933658288263184,2022-07-15T00:26:14.000Z,en,"Computer programming üëá
https://t.co/yRGD51MpFq

#Python #Nodejs #MachineLearning #100daysofmlcode #HTML5 #RStats #1000xgem #Serverless #AI #Flutter #Java #Developer #developers #IoT #100daysofcode #Analytics #javascript #TensorFlow #pythonlearning #technology #security #programm https://t.co/rjMtTOufNO"
81,1547739037644926977,1500562744919171073,2022-07-15T00:25:16.000Z,en,"5 Costs Small and Medium Businesses Can Save With Cloud Adoption

#artificialintelligence #k√ºnstlicheIntelligenz
¬†#100DaysOfCode #CyberSecurity¬†#Blockchain #DataSecurity¬†#dataScientist #5G #DataAnalytics¬†#Python #IoT #MachineLear‚Ä¶https://t.co/bTrIJG1j8B https://t.co/4zeyF1ETRI"
82,1547738989536239618,1500562744919171073,2022-07-15T00:25:05.000Z,en,"Server Hosting vs Cloud Server vs Bare Metal Server Comparison

#artificialintelligence #k√ºnstlicheIntelligenz
¬†#100DaysOfCode #CyberSecurity¬†#Blockchain #DataSecurity¬†#dataScientist #5G #DataAnalytics¬†#Python #IoT #MachineLearning‚Ä¶https://t.co/UHElDbKzp8 https://t.co/CDOh884tld"
83,1547738737248849922,1500562744919171073,2022-07-15T00:24:05.000Z,en,"Why Enterprises Are Looking at Hybrid Cloud?

#artificialintelligence #k√ºnstlicheIntelligenz
¬†#100DaysOfCode #CyberSecurity¬†#Blockchain #DataSecurity¬†#dataScientist #5G #DataAnalytics¬†#Python #IoT #MachineLearning #java¬†#TensorFlow¬†#Cloud #coding https://t.co/1ApDq48h28"
84,1547738561406853122,1500562744919171073,2022-07-15T00:23:23.000Z,en,"What is a collaboration tool?

#artificialintelligence #k√ºnstlicheIntelligenz
¬†#100DaysOfCode #CyberSecurity¬†#Blockchain #DataSecurity¬†#dataScientist #5G #DataAnalytics¬†#Python #IoT #MachineLearning #java¬†#TensorFlow¬†#Cloud #coding https://t.co/SPcfgVcy3L"
85,1547738371207794688,1219885901653970945,2022-07-15T00:22:37.000Z,en,"Hire us to handle:
#Assignments 
Accounting
#calculus 
#homework
#summerclasses 
#Onlineclass 
#essayhelp 
Finance. 
#Essaydue 
#essaywrite 
#Music
#Art
Law 
#Javascript
#Python
#Programming
#CodeNewbies 
#100daysofcode
#webdevelopment 
#Datascience
Text https://t.co/0i7TPdyTYn"
86,1547738306472882178,1500562744919171073,2022-07-15T00:22:22.000Z,en,"Learn about ERP accounting management

#artificialintelligence #k√ºnstlicheIntelligenz
¬†#100DaysOfCode #CyberSecurity¬†#Blockchain #DataSecurity¬†#dataScientist #5G #DataAnalytics¬†#Python #IoT #MachineLearning #java¬†#TensorFlow¬†#Cloud #coding https://t.co/5oHU40hcRS"
87,1547738293172768770,1219885901653970945,2022-07-15T00:22:19.000Z,en,"Hire us to handle your:
#Assignments 
Accounting
#calculus 
#homework
#summerclasses 
#Onlineclass 
#essayhelp 
Finance. 
#Essaydue 
#essaywrite 
#Music
#Art
Law 
#Javascript
#Python
#Programming
#CodeNewbies 
#100daysofcode
#webdevelopment 
#Datascience
Text https://t.co/dboyiMHoQh"
88,1547738213002792969,1332714745871421443,2022-07-15T00:22:00.000Z,en,"Looking for a #Job or #hiring?
https://t.co/RfdWugKKf2
A straightforward approach
#WomenWhoCode #Programming #Coding #gamers #indiedev #IndieGameDev #indie  #Science #LGBT #LGBTQ #Infosec #100DaysOfCode #cybersecurity #javascript  #GirlsWhoCode #Python #gamedevs #BTC #ETH #NFTs https://t.co/taH2rHv0si"
89,1547738107100901376,1500562744919171073,2022-07-15T00:21:34.000Z,en,"What is Cloud Computing, DaaS?

#artificialintelligence #k√ºnstlicheIntelligenz
¬†#100DaysOfCode #CyberSecurity¬†#Blockchain #DataSecurity¬†#dataScientist #5G #DataAnalytics¬†#Python #IoT #MachineLearning #java¬†#TensorFlow¬†#Cloud #coding https://t.co/Gzk7Oy93Xt"
90,1547738059357138945,1500562744919171073,2022-07-15T00:21:23.000Z,en,"Getting to know Python right away ‚Äì features, advantages, and use cases

#artificialintelligence #k√ºnstlicheIntelligenz
¬†#100DaysOfCode #CyberSecurity¬†#Blockchain #DataSecurity¬†#dataScientist #5G #DataAnalytics¬†#Python #IoT #Machin‚Ä¶https://t.co/2LlU9ZfJJU https://t.co/oaI4LP2OUN"
91,1547737884941135873,1500562744919171073,2022-07-15T00:20:42.000Z,en,"SASE What is network security required in the age of cloud usage

#artificialintelligence #k√ºnstlicheIntelligenz
¬†#100DaysOfCode #CyberSecurity¬†#Blockchain #DataSecurity¬†#dataScientist #5G #DataAnalytics¬†#Python #IoT #MachineLear‚Ä¶https://t.co/MXTbJpOkUV https://t.co/LzAQg3UDhj"
92,1547737795262758913,1500562744919171073,2022-07-15T00:20:20.000Z,en,"An easy-to-understand explanation of the security model ""Zero Trust""

#artificialintelligence #k√ºnstlicheIntelligenz
¬†#100DaysOfCode #CyberSecurity¬†#Blockchain #DataSecurity¬†#dataScientist #5G #DataAnalytics¬†#Python #IoT #MachineLe‚Ä¶https://t.co/ZzutCszK6T https://t.co/p5PDN1BgOk"
93,1547737763188842497,1219885901653970945,2022-07-15T00:20:12.000Z,en,"This Summer, let's handle your:-
#Assignments
#Calculus
#Homework
#Summerclasses
#Onlineclass
#Finance
#Accounting
#Essaydue
#Engineering
#Music
#Art
#Law
#Javascript
#Python
#Programming

#CodeNewbies 
#100daysofcode
#Webdevelopment 
#Datascience
Text https://t.co/yr9tQQTSkp"
94,1547737674974646272,91608548,2022-07-15T00:19:51.000Z,en,"#AMD and #Intel CPUs remain vulnerable to #spectre V2 vulnerabilities, even after patch

https://t.co/qjlJUFAwkd

#cyberwar #cybercrime #hacker #privacy #APT #bot #CISO #DDoS #100DaysOfCode #bugbounty #CyberAttack #cybersecurity #Security #infosec #OpenSource #Python #javascript"
95,1547737664257806336,1500562744919171073,2022-07-15T00:19:49.000Z,en,"Understanding what malware is, viruses, worms, Trojans and more

#artificialintelligence #k√ºnstlicheIntelligenz
¬†#100DaysOfCode #CyberSecurity¬†#Blockchain #DataSecurity¬†#dataScientist #5G #DataAnalytics¬†#Python #IoT #MachineLearnin‚Ä¶https://t.co/hBJZmL3Fkl https://t.co/TP0YVoEIPN"
96,1547737580313067522,1500562744919171073,2022-07-15T00:19:29.000Z,en,"What is MitM Attack ""Mechanism and Prevention of MitM Attack""

#artificialintelligence #k√ºnstlicheIntelligenz
¬†#100DaysOfCode #CyberSecurity¬†#Blockchain #DataSecurity¬†#dataScientist #5G #DataAnalytics¬†#Python #IoT #MachineLearning‚Ä¶https://t.co/YuZTcKYq7u https://t.co/114Rw8PdYJ"
97,1547737525170540556,1500562744919171073,2022-07-15T00:19:16.000Z,en,"Methods of typical cyberattack ""phishing"" and how to prevent it ?

#artificialintelligence #k√ºnstlicheIntelligenz
¬†#100DaysOfCode #CyberSecurity¬†#Blockchain #DataSecurity¬†#dataScientist #5G #DataAnalytics¬†#Python #IoT #MachineLearn‚Ä¶https://t.co/4UF8zfKWqA https://t.co/rWLu8UBoOr"
98,1547737458246225921,1500562744919171073,2022-07-15T00:19:00.000Z,en,"7 Affordable or Free Cybersecurity Training Resources

#artificialintelligence #k√ºnstlicheIntelligenz
¬†#100DaysOfCode #CyberSecurity¬†#Blockchain #DataSecurity¬†#dataScientist #5G #DataAnalytics¬†#Python #IoT #MachineLearning #java¬†#TensorFlow¬†#Cloud #coding https://t.co/ua6IvVu1Er"
99,1547737420711399426,134434122,2022-07-15T00:18:51.000Z,en,"#FEATURED #COURSES

Machine Learning, Data Science and Deep Learning with Python

Complete hands-on #machine #learning tutorial with #data #science, #Tensorflow, #artificial #intelligence, and neural networks

https://t.co/PaHDf3Y7ms

#python #100daysofcode #coding #udemy https://t.co/6aUBS7qmZx"
